arxiv_id,title,authors,published,updated,categories,abstract,pdf_path,md_path,topic
2510.17221v1,,,,,,,arxiv_data/q-fin_PR/pdfs/2510.17221v1.pdf,arxiv_data/q-fin_PR/markdown/2510.17221v1.md,q-fin.PR
2510.21297v1,,,,,,,arxiv_data/q-fin_PR/pdfs/2510.21297v1.pdf,arxiv_data/q-fin_PR/markdown/2510.21297v1.md,q-fin.PR
2510.18159v1,,,,,,,arxiv_data/q-fin_PR/pdfs/2510.18159v1.pdf,arxiv_data/q-fin_PR/markdown/2510.18159v1.md,q-fin.PR
2510.19126v1,,,,,,,arxiv_data/q-fin_PR/pdfs/2510.19126v1.pdf,arxiv_data/q-fin_PR/markdown/2510.19126v1.md,q-fin.PR
2510.15984v1,,,,,,,arxiv_data/q-fin_PR/pdfs/2510.15984v1.pdf,arxiv_data/q-fin_PR/markdown/2510.15984v1.md,q-fin.PR
2510.20372v2,,,,,,,arxiv_data/econ_EM/pdfs/2510.20372v2.pdf,arxiv_data/econ_EM/markdown/2510.20372v2.md,econ.EM
2510.20404v1,,,,,,,arxiv_data/econ_EM/pdfs/2510.20404v1.pdf,arxiv_data/econ_EM/markdown/2510.20404v1.md,econ.EM
2510.20996v1,,,,,,,arxiv_data/econ_EM/pdfs/2510.20996v1.pdf,arxiv_data/econ_EM/markdown/2510.20996v1.md,econ.EM
2510.21178v1,,,,,,,arxiv_data/econ_EM/pdfs/2510.21178v1.pdf,arxiv_data/econ_EM/markdown/2510.21178v1.md,econ.EM
2510.20066v1,,,,,,,arxiv_data/econ_EM/pdfs/2510.20066v1.pdf,arxiv_data/econ_EM/markdown/2510.20066v1.md,econ.EM
2510.19660v1,,,,,,,arxiv_data/q-bio_BM/pdfs/2510.19660v1.pdf,arxiv_data/q-bio_BM/markdown/2510.19660v1.md,q-bio.BM
2510.21161v1,,,,,,,arxiv_data/q-bio_BM/pdfs/2510.21161v1.pdf,arxiv_data/q-bio_BM/markdown/2510.21161v1.md,q-bio.BM
2510.20788v1,,,,,,,arxiv_data/q-bio_BM/pdfs/2510.20788v1.pdf,arxiv_data/q-bio_BM/markdown/2510.20788v1.md,q-bio.BM
2510.19947v1,,,,,,,arxiv_data/q-bio_BM/pdfs/2510.19947v1.pdf,arxiv_data/q-bio_BM/markdown/2510.19947v1.md,q-bio.BM
2510.20792v1,,,,,,,arxiv_data/q-bio_BM/pdfs/2510.20792v1.pdf,arxiv_data/q-bio_BM/markdown/2510.20792v1.md,q-bio.BM
2510.21681v1,,,,,,,arxiv_data/physics_soc-ph/pdfs/2510.21681v1.pdf,arxiv_data/physics_soc-ph/markdown/2510.21681v1.md,physics.soc-ph
2510.20992v1,,,,,,,arxiv_data/physics_soc-ph/pdfs/2510.20992v1.pdf,arxiv_data/physics_soc-ph/markdown/2510.20992v1.md,physics.soc-ph
2510.21481v1,,,,,,,arxiv_data/physics_soc-ph/pdfs/2510.21481v1.pdf,arxiv_data/physics_soc-ph/markdown/2510.21481v1.md,physics.soc-ph
2510.21165v1,,,,,,,arxiv_data/physics_soc-ph/pdfs/2510.21165v1.pdf,arxiv_data/physics_soc-ph/markdown/2510.21165v1.md,physics.soc-ph
2510.21226v1,,,,,,,arxiv_data/physics_soc-ph/pdfs/2510.21226v1.pdf,arxiv_data/physics_soc-ph/markdown/2510.21226v1.md,physics.soc-ph
2510.21585v1,,,,,,,arxiv_data/q-bio_NC/pdfs/2510.21585v1.pdf,arxiv_data/q-bio_NC/markdown/2510.21585v1.md,q-bio.NC
2510.20966v1,,,,,,,arxiv_data/q-bio_NC/pdfs/2510.20966v1.pdf,arxiv_data/q-bio_NC/markdown/2510.20966v1.md,q-bio.NC
2510.21142v1,,,,,,,arxiv_data/q-bio_NC/pdfs/2510.21142v1.pdf,arxiv_data/q-bio_NC/markdown/2510.21142v1.md,q-bio.NC
2510.21588v1,,,,,,,arxiv_data/q-bio_NC/pdfs/2510.21588v1.pdf,arxiv_data/q-bio_NC/markdown/2510.21588v1.md,q-bio.NC
2510.21265v1,,,,,,,arxiv_data/q-bio_NC/pdfs/2510.21265v1.pdf,arxiv_data/q-bio_NC/markdown/2510.21265v1.md,q-bio.NC
2510.21679v1,,,,,,,arxiv_data/cs_AI/pdfs/2510.21679v1.pdf,arxiv_data/cs_AI/markdown/2510.21679v1.md,cs.AI
2510.21695v1,,,,,,,arxiv_data/cs_AI/pdfs/2510.21695v1.pdf,arxiv_data/cs_AI/markdown/2510.21695v1.md,cs.AI
2510.21654v1,,,,,,,arxiv_data/cs_AI/pdfs/2510.21654v1.pdf,arxiv_data/cs_AI/markdown/2510.21654v1.md,cs.AI
2510.21656v1,,,,,,,arxiv_data/cs_AI/pdfs/2510.21656v1.pdf,arxiv_data/cs_AI/markdown/2510.21656v1.md,cs.AI
2510.21689v1,,,,,,,arxiv_data/cs_AI/pdfs/2510.21689v1.pdf,arxiv_data/cs_AI/markdown/2510.21689v1.md,cs.AI
2510.21706v1,,,,,,,arxiv_data/stat_ML/pdfs/2510.21706v1.pdf,arxiv_data/stat_ML/markdown/2510.21706v1.md,stat.ML
2510.21686v1,,,,,,,arxiv_data/stat_ML/pdfs/2510.21686v1.pdf,arxiv_data/stat_ML/markdown/2510.21686v1.md,stat.ML
2510.21598v1,,,,,,,arxiv_data/stat_ML/pdfs/2510.21598v1.pdf,arxiv_data/stat_ML/markdown/2510.21598v1.md,stat.ML
2510.21669v1,,,,,,,arxiv_data/stat_ML/pdfs/2510.21669v1.pdf,arxiv_data/stat_ML/markdown/2510.21669v1.md,stat.ML
2510.21631v1,,,,,,,arxiv_data/stat_ML/pdfs/2510.21631v1.pdf,arxiv_data/stat_ML/markdown/2510.21631v1.md,stat.ML
2510.21604v1,,,,,,,arxiv_data/cs_CL/pdfs/2510.21604v1.pdf,arxiv_data/cs_CL/markdown/2510.21604v1.md,cs.CL
2510.21618v1,,,,,,,arxiv_data/cs_CL/pdfs/2510.21618v1.pdf,arxiv_data/cs_CL/markdown/2510.21618v1.md,cs.CL
2510.21623v1,,,,,,,arxiv_data/cs_CL/pdfs/2510.21623v1.pdf,arxiv_data/cs_CL/markdown/2510.21623v1.md,cs.CL
2510.21652v1,,,,,,,arxiv_data/cs_CL/pdfs/2510.21652v1.pdf,arxiv_data/cs_CL/markdown/2510.21652v1.md,cs.CL
2510.21631v1,,,,,,,arxiv_data/cs_CL/pdfs/2510.21631v1.pdf,arxiv_data/cs_CL/markdown/2510.21631v1.md,cs.CL
2510.21706v1,,,,,,,arxiv_data/cs_LG/pdfs/2510.21706v1.pdf,arxiv_data/cs_LG/markdown/2510.21706v1.md,cs.LG
2510.21686v1,,,,,,,arxiv_data/cs_LG/pdfs/2510.21686v1.pdf,arxiv_data/cs_LG/markdown/2510.21686v1.md,cs.LG
2510.21697v1,,,,,,,arxiv_data/cs_LG/pdfs/2510.21697v1.pdf,arxiv_data/cs_LG/markdown/2510.21697v1.md,cs.LG
2510.21691v1,,,,,,,arxiv_data/cs_LG/pdfs/2510.21691v1.pdf,arxiv_data/cs_LG/markdown/2510.21691v1.md,cs.LG
2510.21693v1,,,,,,,arxiv_data/cs_LG/pdfs/2510.21693v1.pdf,arxiv_data/cs_LG/markdown/2510.21693v1.md,cs.LG
2510.21704v1,,,,,,,arxiv_data/cs_CV/pdfs/2510.21704v1.pdf,arxiv_data/cs_CV/markdown/2510.21704v1.md,cs.CV
2510.21682v1,,,,,,,arxiv_data/cs_CV/pdfs/2510.21682v1.pdf,arxiv_data/cs_CV/markdown/2510.21682v1.md,cs.CV
2510.21697v1,,,,,,,arxiv_data/cs_CV/pdfs/2510.21697v1.pdf,arxiv_data/cs_CV/markdown/2510.21697v1.md,cs.CV
2510.21696v1,,,,,,,arxiv_data/cs_CV/pdfs/2510.21696v1.pdf,arxiv_data/cs_CV/markdown/2510.21696v1.md,cs.CV
2510.21689v1,,,,,,,arxiv_data/cs_CV/pdfs/2510.21689v1.pdf,arxiv_data/cs_CV/markdown/2510.21689v1.md,cs.CV
